class,error,class1,error1,class2,error2,final_class,final_error
background,0,background,0,background,0,background,0
"tench, Tinca tinca",1,tench,0,tench,0,tench,0
"goldfish, Carassius auratus",1,goldfish,0,goldfish,0,goldfish,0
"great white shark, white shark, man-eater, man-eating shark, Carcharodon carcharias",1,great white shark,1,shark,0,shark,0
"tiger shark, Galeocerdo cuvieri",1,tiger shark,1,shark,0,shark,0
"hammerhead, hammerhead shark",1,hammerhead,0,hammerhead,0,hammerhead,0
"electric ray, crampfish, numbfish, torpedo",1,electric ray,1,ray,0,ray,0
stingray,0,stingray,0,stingray,0,stingray,0
cock,0,cock,0,cock,0,cock,0
hen,0,hen,0,hen,0,hen,0
"ostrich, Struthio camelus",1,ostrich,0,ostrich,0,ostrich,0
"brambling, Fringilla montifringilla",1,brambling,1,brambling,1,bird,0
"goldfinch, Carduelis carduelis",1,goldfinch,0,goldfinch,0,goldfinch,0
"house finch, linnet, Carpodacus mexicanus",1,house finch,1,finch,0,finch,0
"junco, snowbird",1,junco,0,junco,0,junco,0
"indigo bunting, indigo finch, indigo bird, Passerina cyanea",1,indigo bunting,1,bunting,0,finch,0
"robin, American robin, Turdus migratorius",1,robin,0,robin,0,robin,0
bulbul,0,bulbul,0,bulbul,0,bulbul,0
jay,0,jay,0,jay,0,jay,0
magpie,0,magpie,0,magpie,0,magpie,0
chickadee,0,chickadee,0,chickadee,0,chickadee,0
"water ouzel, dipper",1,water ouzel,1,ouzel,1,bird,0
kite,0,kite,0,kite,0,kite,0
"bald eagle, American eagle, Haliaeetus leucocephalus",1,bald eagle,1,eagle,0,eagle,0
vulture,0,vulture,0,vulture,0,vulture,0
"great grey owl, great gray owl, Strix nebulosa",1,great grey owl,1,owl,0,owl,0
"European fire salamander, Salamandra salamandra",1,European fire salamander,1,salamander,0,salamander,0
"common newt, Triturus vulgaris",1,common newt,1,newt,0,newt,0
eft,0,eft,0,eft,0,eft,0
"spotted salamander, Ambystoma maculatum",1,spotted salamander,1,salamander,0,salamander,0
"axolotl, mud puppy, Ambystoma mexicanum",1,axolotl,0,axolotl,0,axolotl,0
"bullfrog, Rana catesbeiana",1,bullfrog,0,bullfrog,0,bullfrog,0
"tree frog, tree-frog",1,tree frog,1,frog,0,frog,0
"tailed frog, bell toad, ribbed toad, tailed toad, Ascaphus trui",1,tailed frog,1,frog,0,frog,0
"loggerhead, loggerhead turtle, Caretta caretta",1,loggerhead,0,loggerhead,0,loggerhead,0
"leatherback turtle, leatherback, leathery turtle, Dermochelys coriacea",1,leatherback turtle,1,turtle,0,turtle,0
mud turtle,1,mud turtle,1,turtle,0,turtle,0
terrapin,0,terrapin,0,terrapin,0,terrapin,0
"box turtle, box tortoise",1,box turtle,1,turtle,0,turtle,0
banded gecko,1,banded gecko,1,gecko,0,gecko,0
"common iguana, iguana, Iguana iguana",1,common iguana,1,iguana,0,iguana,0
"American chameleon, anole, Anolis carolinensis",1,American chameleon,1,chameleon,0,chameleon,0
"whiptail, whiptail lizard",1,whiptail,0,whiptail,0,whiptail,0
agama,0,agama,0,agama,0,agama,0
"frilled lizard, Chlamydosaurus kingi",1,frilled lizard,1,lizard,0,lizard,0
alligator lizard,1,alligator lizard,1,lizard,0,lizard,0
"Gila monster, Heloderma suspectum",1,Gila monster,1,monster,0,lizard,0
"green lizard, Lacerta viridis",1,green lizard,1,lizard,0,lizard,0
"African chameleon, Chamaeleo chamaeleon",1,African chameleon,1,chameleon,0,chameleon,0
"Komodo dragon, Komodo lizard, dragon lizard, giant lizard, Varanus komodoensis",1,Komodo dragon,1,dragon,0,dragon,0
"African crocodile, Nile crocodile, Crocodylus niloticus",1,African crocodile,1,crocodile,0,crocodile,0
"American alligator, Alligator mississipiensis",1,American alligator,1,alligator,0,alligator,0
triceratops,0,triceratops,0,triceratops,0,triceratops,0
"thunder snake, worm snake, Carphophis amoenus",1,thunder snake,1,snake,0,snake,0
"ringneck snake, ring-necked snake, ring snake",1,ringneck snake,1,snake,0,snake,0
"hognose snake, puff adder, sand viper",1,hognose snake,1,snake,0,snake,0
"green snake, grass snake",1,green snake,1,snake,0,snake,0
"king snake, kingsnake",1,king snake,1,snake,0,snake,0
"garter snake, grass snake",1,garter snake,1,snake,0,snake,0
water snake,1,water snake,1,snake,0,snake,0
vine snake,1,vine snake,1,snake,0,snake,0
"night snake, Hypsiglena torquata",1,night snake,1,snake,0,snake,0
"boa constrictor, Constrictor constrictor",1,boa constrictor,1,constrictor,0,constrictor,0
"rock python, rock snake, Python sebae",1,rock python,1,python,0,python,0
"Indian cobra, Naja naja",1,Indian cobra,1,cobra,0,cobra,0
green mamba,1,green mamba,1,mamba,0,mamba,0
sea snake,1,sea snake,1,snake,0,snake,0
"horned viper, cerastes, sand viper, horned asp, Cerastes cornutus",1,horned viper,1,viper,0,viper,0
"diamondback, diamondback rattlesnake, Crotalus adamanteus",1,diamondback,0,diamondback,0,diamondback,0
"sidewinder, horned rattlesnake, Crotalus cerastes",1,sidewinder,0,sidewinder,0,sidewinder,0
trilobite,0,trilobite,0,trilobite,0,trilobite,0
"harvestman, daddy longlegs, Phalangium opilio",1,harvestman,1,harvestman,1,spider,0
scorpion,0,scorpion,0,scorpion,0,scorpion,0
"black and gold garden spider, Argiope aurantia",1,black and gold garden spider,1,spider,0,spider,0
"barn spider, Araneus cavaticus",1,barn spider,1,spider,0,spider,0
"garden spider, Aranea diademata",1,garden spider,1,spider,0,spider,0
"black widow, Latrodectus mactans",1,black widow,1,widow,0,spider,0
tarantula,0,tarantula,0,tarantula,0,tarantula,0
"wolf spider, hunting spider",1,wolf spider,1,spider,0,spider,0
tick,0,tick,0,tick,0,tick,0
centipede,0,centipede,0,centipede,0,centipede,0
black grouse,1,black grouse,1,grouse,0,grouse,0
ptarmigan,0,ptarmigan,0,ptarmigan,0,ptarmigan,0
"ruffed grouse, partridge, Bonasa umbellus",1,ruffed grouse,1,grouse,0,grouse,0
"prairie chicken, prairie grouse, prairie fowl",1,prairie chicken,1,chicken,0,chicken,0
peacock,0,peacock,0,peacock,0,peacock,0
quail,0,quail,0,quail,0,quail,0
partridge,0,partridge,0,partridge,0,partridge,0
"African grey, African gray, Psittacus erithacus",1,African grey,1,grey,1,parrot,0
macaw,0,macaw,0,macaw,0,macaw,0
"sulphur-crested cockatoo, Kakatoe galerita, Cacatua galerita",1,sulphur-crested cockatoo,1,cockatoo,0,cockatoo,0
lorikeet,0,lorikeet,0,lorikeet,0,lorikeet,0
coucal,1,coucal,1,coucal,1,bird,0
bee eater,1,bee eater,1,eater,0,eater,0
hornbill,0,hornbill,0,hornbill,0,hornbill,0
hummingbird,0,hummingbird,0,hummingbird,0,hummingbird,0
jacamar,1,jacamar,1,jacamar,1,bird,0
toucan,0,toucan,0,toucan,0,toucan,0
drake,0,drake,0,drake,0,drake,0
"red-breasted merganser, Mergus serrator",1,red-breasted merganser,1,merganser,0,merganser,0
goose,0,goose,0,goose,0,goose,0
"black swan, Cygnus atratus",1,black swan,1,swan,0,swan,0
tusker,0,tusker,0,tusker,0,tusker,0
"echidna, spiny anteater, anteater",1,echidna,0,echidna,0,echidna,0
"platypus, duckbill, duckbilled platypus, duck-billed platypus, Ornithorhynchus anatinus",1,platypus,0,platypus,0,platypus,0
"wallaby, brush kangaroo",1,wallaby,0,wallaby,0,wallaby,0
"koala, koala bear, kangaroo bear, native bear, Phascolarctos cinereus",1,koala,0,koala,0,koala,0
wombat,0,wombat,0,wombat,0,wombat,0
jellyfish,0,jellyfish,0,jellyfish,0,jellyfish,0
"sea anemone, anemone",1,sea anemone,1,anemone,0,anemone,0
brain coral,1,brain coral,1,coral,0,coral,0
"flatworm, platyhelminth",1,flatworm,0,flatworm,0,flatworm,0
"nematode, nematode worm, roundworm",1,nematode,0,nematode,0,nematode,0
conch,0,conch,0,conch,0,conch,0
snail,0,snail,0,snail,0,snail,0
slug,0,slug,0,slug,0,slug,0
"sea slug, nudibranch",1,sea slug,1,slug,0,slug,0
"chiton, coat-of-mail shell, sea cradle, polyplacophore",1,chiton,0,chiton,0,chiton,0
"chambered nautilus, pearly nautilus, nautilus",1,chambered nautilus,1,nautilus,0,nautilus,0
"Dungeness crab, Cancer magister",1,Dungeness crab,1,crab,0,crab,0
"rock crab, Cancer irroratus",1,rock crab,1,crab,0,crab,0
fiddler crab,1,fiddler crab,1,crab,0,crab,0
"king crab, Alaska crab, Alaskan king crab, Alaska king crab, Paralithodes camtschatica",1,king crab,1,crab,0,crab,0
"American lobster, Northern lobster, Maine lobster, Homarus americanus",1,American lobster,1,lobster,0,lobster,0
"spiny lobster, langouste, rock lobster, crawfish, crayfish, sea crawfish",1,spiny lobster,1,lobster,0,lobster,0
"crayfish, crawfish, crawdad, crawdaddy",1,crayfish,0,crayfish,0,crayfish,0
hermit crab,1,hermit crab,1,crab,0,crab,0
isopod,0,isopod,0,isopod,0,isopod,0
"white stork, Ciconia ciconia",1,white stork,1,stork,0,stork,0
"black stork, Ciconia nigra",1,black stork,1,stork,0,stork,0
spoonbill,0,spoonbill,0,spoonbill,0,spoonbill,0
flamingo,0,flamingo,0,flamingo,0,flamingo,0
"little blue heron, Egretta caerulea",1,little blue heron,1,heron,0,heron,0
"American egret, great white heron, Egretta albus",1,American egret,1,egret,0,egret,0
bittern,0,bittern,0,bittern,0,bittern,0
crane,0,crane,0,crane,0,crane,0
"limpkin, Aramus pictus",1,limpkin,1,limpkin,1,bird,0
"European gallinule, Porphyrio porphyrio",1,European gallinule,1,gallinule,0,gallinule,0
"American coot, marsh hen, mud hen, water hen, Fulica americana",1,American coot,1,coot,0,coot,0
bustard,0,bustard,0,bustard,0,bustard,0
"ruddy turnstone, Arenaria interpres",1,ruddy turnstone,1,turnstone,0,turnstone,0
"red-backed sandpiper, dunlin, Erolia alpina",1,red-backed sandpiper,1,sandpiper,0,sandpiper,0
"redshank, Tringa totanus",1,redshank,0,redshank,0,redshank,0
dowitcher,1,dowitcher,1,dowitcher,1,bird,0
"oystercatcher, oyster catcher",1,oystercatcher,0,oystercatcher,0,oystercatcher,0
pelican,0,pelican,0,pelican,0,pelican,0
"king penguin, Aptenodytes patagonica",1,king penguin,1,penguin,0,penguin,0
"albatross, mollymawk",1,albatross,0,albatross,0,albatross,0
"grey whale, gray whale, devilfish, Eschrichtius gibbosus, Eschrichtius robustus",1,grey whale,1,whale,0,whale,0
"killer whale, killer, orca, grampus, sea wolf, Orcinus orca",1,killer whale,1,whale,0,whale,0
"dugong, Dugong dugon",1,dugong,0,dugong,0,dugong,0
sea lion,1,sea lion,1,lion,0,lion,0
Chihuahua,0,Chihuahua,0,Chihuahua,0,Chihuahua,0
Japanese spaniel,1,Japanese spaniel,1,spaniel,0,spaniel,0
"Maltese dog, Maltese terrier, Maltese",1,Maltese dog,1,dog,0,dog,0
"Pekinese, Pekingese, Peke",1,Pekinese,0,Pekinese,0,Pekinese,0
Shih-Tzu,1,Shih-Tzu,1,Shih-Tzu,1,dog,0
Blenheim spaniel,1,Blenheim spaniel,1,spaniel,0,spaniel,0
papillon,0,papillon,0,papillon,0,papillon,0
toy terrier,1,toy terrier,1,terrier,0,terrier,0
Rhodesian ridgeback,1,Rhodesian ridgeback,1,ridgeback,0,ridgeback,0
"Afghan hound, Afghan",1,Afghan hound,1,hound,0,hound,0
"basset, basset hound",1,basset,0,basset,0,basset,0
beagle,0,beagle,0,beagle,0,beagle,0
"bloodhound, sleuthhound",1,bloodhound,0,bloodhound,0,bloodhound,0
bluetick,0,bluetick,0,bluetick,0,bluetick,0
black-and-tan coonhound,1,black-and-tan coonhound,1,coonhound,0,coonhound,0
"Walker hound, Walker foxhound",1,Walker hound,1,hound,0,hound,0
English foxhound,1,English foxhound,1,foxhound,0,foxhound,0
redbone,0,redbone,0,redbone,0,redbone,0
"borzoi, Russian wolfhound",1,borzoi,0,borzoi,0,borzoi,0
Irish wolfhound,1,Irish wolfhound,1,wolfhound,0,wolfhound,0
Italian greyhound,1,Italian greyhound,1,greyhound,0,greyhound,0
whippet,0,whippet,0,whippet,0,whippet,0
"Ibizan hound, Ibizan Podenco",1,Ibizan hound,1,hound,0,hound,0
"Norwegian elkhound, elkhound",1,Norwegian elkhound,1,elkhound,0,elkhound,0
"otterhound, otter hound",1,otterhound,1,otterhound,1,dog,0
"Saluki, gazelle hound",1,Saluki,0,Saluki,0,Saluki,0
"Scottish deerhound, deerhound",1,Scottish deerhound,1,deerhound,0,deerhound,0
Weimaraner,0,Weimaraner,0,Weimaraner,0,Weimaraner,0
"Staffordshire bullterrier, Staffordshire bull terrier",1,Staffordshire bullterrier,1,bullterrier,1,dog,0
"American Staffordshire terrier, Staffordshire terrier, American pit bull terrier, pit bull terrier",1,American Staffordshire terrier,1,terrier,0,terrier,0
Bedlington terrier,1,Bedlington terrier,1,terrier,0,terrier,0
Border terrier,1,Border terrier,1,terrier,0,terrier,0
Kerry blue terrier,1,Kerry blue terrier,1,terrier,0,terrier,0
Irish terrier,1,Irish terrier,1,terrier,0,terrier,0
Norfolk terrier,1,Norfolk terrier,1,terrier,0,terrier,0
Norwich terrier,1,Norwich terrier,1,terrier,0,terrier,0
Yorkshire terrier,1,Yorkshire terrier,1,terrier,0,terrier,0
wire-haired fox terrier,1,wire-haired fox terrier,1,terrier,0,terrier,0
Lakeland terrier,1,Lakeland terrier,1,terrier,0,terrier,0
"Sealyham terrier, Sealyham",1,Sealyham terrier,1,terrier,0,terrier,0
"Airedale, Airedale terrier",1,Airedale,0,Airedale,0,Airedale,0
"cairn, cairn terrier",1,cairn,0,cairn,0,cairn,0
Australian terrier,1,Australian terrier,1,terrier,0,terrier,0
"Dandie Dinmont, Dandie Dinmont terrier",1,Dandie Dinmont,1,Dinmont,1,dog,0
"Boston bull, Boston terrier",1,Boston bull,1,bull,0,bull,0
miniature schnauzer,1,miniature schnauzer,1,schnauzer,0,schnauzer,0
giant schnauzer,1,giant schnauzer,1,schnauzer,0,schnauzer,0
standard schnauzer,1,standard schnauzer,1,schnauzer,0,schnauzer,0
"Scotch terrier, Scottish terrier, Scottie",1,Scotch terrier,1,terrier,0,terrier,0
"Tibetan terrier, chrysanthemum dog",1,Tibetan terrier,1,terrier,0,terrier,0
"silky terrier, Sydney silky",1,silky terrier,1,terrier,0,terrier,0
soft-coated wheaten terrier,1,soft-coated wheaten terrier,1,terrier,0,terrier,0
West Highland white terrier,1,West Highland white terrier,1,terrier,0,terrier,0
"Lhasa, Lhasa apso",1,Lhasa,0,Lhasa,0,Lhasa,0
flat-coated retriever,1,flat-coated retriever,1,retriever,0,retriever,0
curly-coated retriever,1,curly-coated retriever,1,retriever,0,retriever,0
golden retriever,1,golden retriever,1,retriever,0,retriever,0
Labrador retriever,1,Labrador retriever,1,retriever,0,retriever,0
Chesapeake Bay retriever,1,Chesapeake Bay retriever,1,retriever,0,retriever,0
German short-haired pointer,1,German short-haired pointer,1,pointer,0,pointer,0
"vizsla, Hungarian pointer",1,vizsla,0,vizsla,0,vizsla,0
English setter,1,English setter,1,setter,0,setter,0
"Irish setter, red setter",1,Irish setter,1,setter,0,setter,0
Gordon setter,1,Gordon setter,1,setter,0,setter,0
Brittany spaniel,1,Brittany spaniel,1,spaniel,0,spaniel,0
"clumber, clumber spaniel",1,clumber,1,clumber,1,dog,0
"English springer, English springer spaniel",1,English springer,1,springer,0,springer,0
Welsh springer spaniel,1,Welsh springer spaniel,1,spaniel,0,spaniel,0
"cocker spaniel, English cocker spaniel, cocker",1,cocker spaniel,1,spaniel,0,spaniel,0
Sussex spaniel,1,Sussex spaniel,1,spaniel,0,spaniel,0
Irish water spaniel,1,Irish water spaniel,1,spaniel,0,spaniel,0
kuvasz,1,kuvasz,1,kuvasz,1,dog,0
schipperke,0,schipperke,0,schipperke,0,schipperke,0
groenendael,1,groenendael,1,groenendael,1,dog,0
malinois,0,malinois,0,malinois,0,malinois,0
briard,1,briard,1,briard,1,dog,0
kelpie,0,kelpie,0,kelpie,0,kelpie,0
komondor,1,komondor,1,komondor,1,dog,0
"Old English sheepdog, bobtail",1,Old English sheepdog,1,sheepdog,0,sheepdog,0
"Shetland sheepdog, Shetland sheep dog, Shetland",1,Shetland sheepdog,1,sheepdog,0,sheepdog,0
collie,0,collie,0,collie,0,collie,0
Border collie,1,Border collie,1,collie,0,collie,0
"Bouvier des Flandres, Bouviers des Flandres",1,Bouvier des Flandres,1,Flandres,0,Flandres,0
Rottweiler,0,Rottweiler,0,Rottweiler,0,Rottweiler,0
"German shepherd, German shepherd dog, German police dog, alsatian",1,German shepherd,1,shepherd,0,shepherd,0
"Doberman, Doberman pinscher",1,Doberman,0,Doberman,0,Doberman,0
miniature pinscher,1,miniature pinscher,1,pinscher,0,pinscher,0
Greater Swiss Mountain dog,1,Greater Swiss Mountain dog,1,dog,0,dog,0
Bernese mountain dog,1,Bernese mountain dog,1,dog,0,dog,0
Appenzeller,0,Appenzeller,0,Appenzeller,0,Appenzeller,0
EntleBucher,1,EntleBucher,1,EntleBucher,1,dog,0
boxer,0,boxer,0,boxer,0,boxer,0
bull mastiff,1,bull mastiff,1,mastiff,0,mastiff,0
Tibetan mastiff,1,Tibetan mastiff,1,mastiff,0,mastiff,0
French bulldog,1,French bulldog,1,bulldog,0,bulldog,0
Great Dane,1,Great Dane,1,Dane,0,Dane,0
"Saint Bernard, St Bernard",1,Saint Bernard,1,Bernard,0,Bernard,0
"Eskimo dog, husky",1,Eskimo dog,1,dog,0,dog,0
"malamute, malemute, Alaskan malamute",1,malamute,0,malamute,0,malamute,0
Siberian husky,1,Siberian husky,1,husky,0,husky,0
"dalmatian, coach dog, carriage dog",1,dalmatian,0,dalmatian,0,dalmatian,0
"affenpinscher, monkey pinscher, monkey dog",1,affenpinscher,0,affenpinscher,0,affenpinscher,0
basenji,0,basenji,0,basenji,0,basenji,0
"pug, pug-dog",1,pug,0,pug,0,pug,0
Leonberg,0,Leonberg,0,Leonberg,0,Leonberg,0
"Newfoundland, Newfoundland dog",1,Newfoundland,0,Newfoundland,0,Newfoundland,0
Great Pyrenees,1,Great Pyrenees,1,Pyrenees,0,Pyrenees,0
"Samoyed, Samoyede",1,Samoyed,0,Samoyed,0,Samoyed,0
Pomeranian,0,Pomeranian,0,Pomeranian,0,Pomeranian,0
"chow, chow chow",1,chow,0,chow,0,chow,0
keeshond,0,keeshond,0,keeshond,0,keeshond,0
Brabancon griffon,1,Brabancon griffon,1,griffon,0,griffon,0
"Pembroke, Pembroke Welsh corgi",1,Pembroke,0,Pembroke,0,Pembroke,0
"Cardigan, Cardigan Welsh corgi",1,Cardigan,0,Cardigan,0,Cardigan,0
toy poodle,1,toy poodle,1,poodle,0,poodle,0
miniature poodle,1,miniature poodle,1,poodle,0,poodle,0
standard poodle,1,standard poodle,1,poodle,0,poodle,0
Mexican hairless,1,Mexican hairless,1,hairless,0,hairless,0
"timber wolf, grey wolf, gray wolf, Canis lupus",1,timber wolf,1,wolf,0,wolf,0
"white wolf, Arctic wolf, Canis lupus tundrarum",1,white wolf,1,wolf,0,wolf,0
"red wolf, maned wolf, Canis rufus, Canis niger",1,red wolf,1,wolf,0,wolf,0
"coyote, prairie wolf, brush wolf, Canis latrans",1,coyote,0,coyote,0,coyote,0
"dingo, warrigal, warragal, Canis dingo",1,dingo,0,dingo,0,dingo,0
"dhole, Cuon alpinus",1,dhole,1,dhole,1,dog,0
"African hunting dog, hyena dog, Cape hunting dog, Lycaon pictus",1,African hunting dog,1,dog,0,dog,0
"hyena, hyaena",1,hyena,0,hyena,0,hyena,0
"red fox, Vulpes vulpes",1,red fox,1,fox,0,fox,0
"kit fox, Vulpes macrotis",1,kit fox,1,fox,0,fox,0
"Arctic fox, white fox, Alopex lagopus",1,Arctic fox,1,fox,0,fox,0
"grey fox, gray fox, Urocyon cinereoargenteus",1,grey fox,1,fox,0,fox,0
"tabby, tabby cat",1,tabby,0,tabby,0,tabby,0
tiger cat,1,tiger cat,1,cat,0,cat,0
Persian cat,1,Persian cat,1,cat,0,cat,0
"Siamese cat, Siamese",1,Siamese cat,1,cat,0,cat,0
Egyptian cat,1,Egyptian cat,1,cat,0,cat,0
"cougar, puma, catamount, mountain lion, painter, panther, Felis concolor",1,cougar,0,cougar,0,cougar,0
"lynx, catamount",1,lynx,0,lynx,0,lynx,0
"leopard, Panthera pardus",1,leopard,0,leopard,0,leopard,0
"snow leopard, ounce, Panthera uncia",1,snow leopard,1,leopard,0,leopard,0
"jaguar, panther, Panthera onca, Felis onca",1,jaguar,0,jaguar,0,jaguar,0
"lion, king of beasts, Panthera leo",1,lion,0,lion,0,lion,0
"tiger, Panthera tigris",1,tiger,0,tiger,0,tiger,0
"cheetah, chetah, Acinonyx jubatus",1,cheetah,0,cheetah,0,cheetah,0
"brown bear, bruin, Ursus arctos",1,brown bear,1,bear,0,bear,0
"American black bear, black bear, Ursus americanus, Euarctos americanus",1,American black bear,1,bear,0,bear,0
"ice bear, polar bear, Ursus Maritimus, Thalarctos maritimus",1,ice bear,1,bear,0,bear,0
"sloth bear, Melursus ursinus, Ursus ursinus",1,sloth bear,1,bear,0,bear,0
mongoose,0,mongoose,0,mongoose,0,mongoose,0
"meerkat, mierkat",1,meerkat,0,meerkat,0,meerkat,0
tiger beetle,1,tiger beetle,1,beetle,0,beetle,0
"ladybug, ladybeetle, lady beetle, ladybird, ladybird beetle",1,ladybug,0,ladybug,0,ladybug,0
"ground beetle, carabid beetle",1,ground beetle,1,beetle,0,beetle,0
"long-horned beetle, longicorn, longicorn beetle",1,long-horned beetle,1,beetle,0,beetle,0
"leaf beetle, chrysomelid",1,leaf beetle,1,beetle,0,beetle,0
dung beetle,1,dung beetle,1,beetle,0,beetle,0
rhinoceros beetle,1,rhinoceros beetle,1,beetle,0,beetle,0
weevil,0,weevil,0,weevil,0,weevil,0
fly,0,fly,0,fly,0,fly,0
bee,0,bee,0,bee,0,bee,0
"ant, emmet, pismire",1,ant,0,ant,0,ant,0
"grasshopper, hopper",1,grasshopper,0,grasshopper,0,grasshopper,0
cricket,0,cricket,0,cricket,0,cricket,0
"walking stick, walkingstick, stick insect",1,walking stick,1,stick,0,stick,0
"cockroach, roach",1,cockroach,0,cockroach,0,cockroach,0
"mantis, mantid",1,mantis,0,mantis,0,mantis,0
"cicada, cicala",1,cicada,0,cicada,0,cicada,0
leafhopper,0,leafhopper,0,leafhopper,0,leafhopper,0
"lacewing, lacewing fly",1,lacewing,0,lacewing,0,lacewing,0
"dragonfly, darning needle, devil's darning needle, sewing needle, snake feeder, snake doctor, mosquito hawk, skeeter hawk",1,dragonfly,0,dragonfly,0,dragonfly,0
damselfly,0,damselfly,0,damselfly,0,damselfly,0
admiral,0,admiral,0,admiral,0,admiral,0
"ringlet, ringlet butterfly",1,ringlet,0,ringlet,0,ringlet,0
"monarch, monarch butterfly, milkweed butterfly, Danaus plexippus",1,monarch,0,monarch,0,monarch,0
cabbage butterfly,1,cabbage butterfly,1,butterfly,0,butterfly,0
"sulphur butterfly, sulfur butterfly",1,sulphur butterfly,1,butterfly,0,butterfly,0
"lycaenid, lycaenid butterfly",1,lycaenid,1,lycaenid,1,butterfly,0
"starfish, sea star",1,starfish,0,starfish,0,starfish,0
sea urchin,1,sea urchin,1,urchin,0,urchin,0
"sea cucumber, holothurian",1,sea cucumber,1,cucumber,0,cucumber,0
"wood rabbit, cottontail, cottontail rabbit",1,wood rabbit,1,rabbit,0,rabbit,0
hare,0,hare,0,hare,0,hare,0
"Angora, Angora rabbit",1,Angora,0,Angora,0,Angora,0
hamster,0,hamster,0,hamster,0,hamster,0
"porcupine, hedgehog",1,porcupine,0,porcupine,0,porcupine,0
"fox squirrel, eastern fox squirrel, Sciurus niger",1,fox squirrel,1,squirrel,0,squirrel,0
marmot,0,marmot,0,marmot,0,marmot,0
beaver,0,beaver,0,beaver,0,beaver,0
"guinea pig, Cavia cobaya",1,guinea pig,1,pig,0,pig,0
sorrel,0,sorrel,0,sorrel,0,sorrel,0
zebra,0,zebra,0,zebra,0,zebra,0
"hog, pig, grunter, squealer, Sus scrofa",1,hog,0,hog,0,hog,0
"wild boar, boar, Sus scrofa",1,wild boar,1,boar,0,boar,0
warthog,0,warthog,0,warthog,0,warthog,0
"hippopotamus, hippo, river horse, Hippopotamus amphibius",1,hippopotamus,0,hippopotamus,0,hippopotamus,0
ox,0,ox,0,ox,0,ox,0
"water buffalo, water ox, Asiatic buffalo, Bubalus bubalis",1,water buffalo,1,buffalo,0,buffalo,0
bison,0,bison,0,bison,0,bison,0
"ram, tup",1,ram,0,ram,0,ram,0
"bighorn, bighorn sheep, cimarron, Rocky Mountain bighorn, Rocky Mountain sheep, Ovis canadensis",1,bighorn,0,bighorn,0,bighorn,0
"ibex, Capra ibex",1,ibex,0,ibex,0,ibex,0
hartebeest,0,hartebeest,0,hartebeest,0,hartebeest,0
"impala, Aepyceros melampus",1,impala,0,impala,0,impala,0
gazelle,0,gazelle,0,gazelle,0,gazelle,0
"Arabian camel, dromedary, Camelus dromedarius",1,Arabian camel,1,camel,0,camel,0
llama,0,llama,0,llama,0,llama,0
weasel,0,weasel,0,weasel,0,weasel,0
mink,0,mink,0,mink,0,mink,0
"polecat, fitch, foulmart, foumart, Mustela putorius",1,polecat,0,polecat,0,polecat,0
"black-footed ferret, ferret, Mustela nigripes",1,black-footed ferret,1,ferret,0,ferret,0
otter,0,otter,0,otter,0,otter,0
"skunk, polecat, wood pussy",1,skunk,0,skunk,0,skunk,0
badger,0,badger,0,badger,0,badger,0
armadillo,0,armadillo,0,armadillo,0,armadillo,0
"three-toed sloth, ai, Bradypus tridactylus",1,three-toed sloth,1,sloth,0,sloth,0
"orangutan, orang, orangutang, Pongo pygmaeus",1,orangutan,0,orangutan,0,orangutan,0
"gorilla, Gorilla gorilla",1,gorilla,0,gorilla,0,gorilla,0
"chimpanzee, chimp, Pan troglodytes",1,chimpanzee,0,chimpanzee,0,chimpanzee,0
"gibbon, Hylobates lar",1,gibbon,0,gibbon,0,gibbon,0
"siamang, Hylobates syndactylus, Symphalangus syndactylus",1,siamang,0,siamang,0,siamang,0
"guenon, guenon monkey",1,guenon,0,guenon,0,guenon,0
"patas, hussar monkey, Erythrocebus patas",1,patas,0,patas,0,patas,0
baboon,0,baboon,0,baboon,0,baboon,0
macaque,0,macaque,0,macaque,0,macaque,0
langur,0,langur,0,langur,0,langur,0
"colobus, colobus monkey",1,colobus,0,colobus,0,colobus,0
"proboscis monkey, Nasalis larvatus",1,proboscis monkey,1,monkey,0,monkey,0
marmoset,0,marmoset,0,marmoset,0,marmoset,0
"capuchin, ringtail, Cebus capucinus",1,capuchin,0,capuchin,0,capuchin,0
"howler monkey, howler",1,howler monkey,1,monkey,0,monkey,0
"titi, titi monkey",1,titi,0,titi,0,titi,0
"spider monkey, Ateles geoffroyi",1,spider monkey,1,monkey,0,monkey,0
"squirrel monkey, Saimiri sciureus",1,squirrel monkey,1,monkey,0,monkey,0
"Madagascar cat, ring-tailed lemur, Lemur catta",1,Madagascar cat,1,cat,0,cat,0
"indri, indris, Indri indri, Indri brevicaudatus",1,indri,0,indri,0,indri,0
"Indian elephant, Elephas maximus",1,Indian elephant,1,elephant,0,elephant,0
"African elephant, Loxodonta africana",1,African elephant,1,elephant,0,elephant,0
"lesser panda, red panda, panda, bear cat, cat bear, Ailurus fulgens",1,lesser panda,1,panda,0,panda,0
"giant panda, panda, panda bear, coon bear, Ailuropoda melanoleuca",1,giant panda,1,panda,0,panda,0
"barracouta, snoek",1,barracouta,1,barracouta,1,fish,0
eel,0,eel,0,eel,0,eel,0
"coho, cohoe, coho salmon, blue jack, silver salmon, Oncorhynchus kisutch",1,coho,0,coho,0,coho,0
"rock beauty, Holocanthus tricolor",1,rock beauty,1,beauty,0,beauty,0
anemone fish,1,anemone fish,1,fish,0,fish,0
sturgeon,0,sturgeon,0,sturgeon,0,sturgeon,0
"gar, garfish, garpike, billfish, Lepisosteus osseus",1,gar,0,gar,0,gar,0
lionfish,0,lionfish,0,lionfish,0,lionfish,0
"puffer, pufferfish, blowfish, globefish",1,puffer,0,puffer,0,puffer,0
abacus,0,abacus,0,abacus,0,abacus,0
abaya,0,abaya,0,abaya,0,abaya,0
"academic gown, academic robe, judge's robe",1,academic gown,1,gown,0,gown,0
"accordion, piano accordion, squeeze box",1,accordion,0,accordion,0,accordion,0
acoustic guitar,1,acoustic guitar,1,guitar,0,guitar,0
"aircraft carrier, carrier, flattop, attack aircraft carrier",1,aircraft carrier,1,carrier,0,aircraft,0
airliner,0,airliner,0,airliner,0,airliner,0
"airship, dirigible",1,airship,0,airship,0,airship,0
altar,0,altar,0,altar,0,altar,0
ambulance,0,ambulance,0,ambulance,0,ambulance,0
"amphibian, amphibious vehicle",1,amphibian,0,amphibian,0,amphibian,0
analog clock,1,analog clock,1,clock,0,clock,0
"apiary, bee house",1,apiary,0,apiary,0,apiary,0
apron,0,apron,0,apron,0,apron,0
"ashcan, trash can, garbage can, wastebin, ash bin, ash-bin, ashbin, dustbin, trash barrel, trash bin",1,ashcan,0,ashcan,0,ashcan,0
"assault rifle, assault gun",1,assault rifle,1,rifle,0,rifle,0
"backpack, back pack, knapsack, packsack, rucksack, haversack",1,backpack,0,backpack,0,backpack,0
"bakery, bakeshop, bakehouse",1,bakery,0,bakery,0,bakery,0
"balance beam, beam",1,balance beam,1,beam,0,beam,0
balloon,0,balloon,0,balloon,0,balloon,0
"ballpoint, ballpoint pen, ballpen, Biro",1,ballpoint,0,ballpoint,0,ballpoint,0
Band Aid,1,Band Aid,1,Aid,0,Aid,0
banjo,0,banjo,0,banjo,0,banjo,0
"bannister, banister, balustrade, balusters, handrail",1,bannister,0,bannister,0,bannister,0
barbell,0,barbell,0,barbell,0,barbell,0
barber chair,1,barber chair,1,chair,0,chair,0
barbershop,0,barbershop,0,barbershop,0,barbershop,0
barn,0,barn,0,barn,0,barn,0
barometer,0,barometer,0,barometer,0,barometer,0
"barrel, cask",1,barrel,0,barrel,0,barrel,0
"barrow, garden cart, lawn cart, wheelbarrow",1,barrow,0,barrow,0,barrow,0
baseball,0,baseball,0,baseball,0,baseball,0
basketball,0,basketball,0,basketball,0,basketball,0
bassinet,0,bassinet,0,bassinet,0,bassinet,0
bassoon,0,bassoon,0,bassoon,0,bassoon,0
"bathing cap, swimming cap",1,bathing cap,1,cap,0,cap,0
bath towel,1,bath towel,1,towel,0,towel,0
"bathtub, bathing tub, bath, tub",1,bathtub,0,bathtub,0,bathtub,0
"beach wagon, station wagon, wagon, estate car, beach waggon, station waggon, waggon",1,beach wagon,1,wagon,0,wagon,0
"beacon, lighthouse, beacon light, pharos",1,beacon,0,beacon,0,beacon,0
beaker,0,beaker,0,beaker,0,beaker,0
"bearskin, busby, shako",1,bearskin,0,bearskin,0,bearskin,0
beer bottle,1,beer bottle,1,bottle,0,beer,0
beer glass,1,beer glass,1,glass,0,beer,0
"bell cote, bell cot",1,bell cote,1,cote,0,church,0
bib,0,bib,0,bib,0,bib,0
"bicycle-built-for-two, tandem bicycle, tandem",1,bicycle-built-for-two,1,bicycle-built-for-two,1,bike,0
"bikini, two-piece",1,bikini,0,bikini,0,bikini,0
"binder, ring-binder",1,binder,0,binder,0,binder,0
"binoculars, field glasses, opera glasses",1,binoculars,0,binoculars,0,binoculars,0
birdhouse,0,birdhouse,0,birdhouse,0,birdhouse,0
boathouse,0,boathouse,0,boathouse,0,boathouse,0
"bobsled, bobsleigh, bob",1,bobsled,0,bobsled,0,bobsled,0
"bolo tie, bolo, bola tie, bola",1,bolo tie,1,tie,0,tie,0
"bonnet, poke bonnet",1,bonnet,0,bonnet,0,bonnet,0
bookcase,0,bookcase,0,bookcase,0,bookcase,0
"bookshop, bookstore, bookstall",1,bookshop,0,bookshop,0,bookshop,0
bottlecap,0,bottlecap,0,bottlecap,0,bottlecap,0
bow,0,bow,0,bow,0,bow,0
"bow tie, bow-tie, bowtie",1,bow tie,1,tie,0,tie,0
"brass, memorial tablet, plaque",1,brass,0,brass,0,brass,0
"brassiere, bra, bandeau",1,brassiere,0,brassiere,0,brassiere,0
"breakwater, groin, groyne, mole, bulwark, seawall, jetty",1,breakwater,0,breakwater,0,breakwater,0
"breastplate, aegis, egis",1,breastplate,0,breastplate,0,breastplate,0
broom,0,broom,0,broom,0,broom,0
"bucket, pail",1,bucket,0,bucket,0,bucket,0
buckle,0,buckle,0,buckle,0,buckle,0
bulletproof vest,1,bulletproof vest,1,vest,0,vest,0
"bullet train, bullet",1,bullet train,1,train,0,train,0
"butcher shop, meat market",1,butcher shop,1,shop,0,meat,0
"cab, hack, taxi, taxicab",1,cab,0,cab,0,cab,0
"caldron, cauldron",1,caldron,0,caldron,0,caldron,0
"candle, taper, wax light",1,candle,0,candle,0,candle,0
cannon,0,cannon,0,cannon,0,cannon,0
canoe,0,canoe,0,canoe,0,canoe,0
"can opener, tin opener",1,can opener,1,opener,0,opener,0
cardigan,0,cardigan,0,cardigan,0,cardigan,0
car mirror,1,car mirror,1,mirror,0,car,0
"carousel, carrousel, merry-go-round, roundabout, whirligig",1,carousel,0,carousel,0,carousel,0
"carpenter's kit, tool kit",1,carpenter's kit,1,kit,0,toolkit,0
carton,0,carton,0,carton,0,carton,0
car wheel,1,car wheel,1,wheel,0,wheel,0
"cash machine, cash dispenser, automated teller machine, automatic teller machine, automated teller, automatic teller, ATM",1,cash machine,1,machine,0,machine,0
cassette,0,cassette,0,cassette,0,cassette,0
cassette player,1,cassette player,1,player,0,cassette,0
castle,0,castle,0,castle,0,castle,0
catamaran,0,catamaran,0,catamaran,0,catamaran,0
CD player,1,CD player,1,player,0,CD,0
"cello, violoncello",1,cello,0,cello,0,cello,0
"cellular telephone, cellular phone, cellphone, cell, mobile phone",1,cellular telephone,1,telephone,0,telephone,0
chain,0,chain,0,chain,0,chain,0
chainlink fence,1,chainlink fence,1,fence,0,fence,0
"chain mail, ring mail, mail, chain armor, chain armour, ring armor, ring armour",1,chain mail,1,mail,0,armor,0
"chain saw, chainsaw",1,chain saw,1,saw,0,saw,0
chest,0,chest,0,chest,0,chest,0
"chiffonier, commode",1,chiffonier,1,chiffonier,1,closet,0
"chime, bell, gong",1,chime,0,chime,0,chime,0
"china cabinet, china closet",1,china cabinet,1,cabinet,0,cabinet,0
Christmas stocking,1,Christmas stocking,1,stocking,0,christmas,0
"church, church building",1,church,0,church,0,church,0
"cinema, movie theater, movie theatre, movie house, picture palace",1,cinema,0,cinema,0,cinema,0
"cleaver, meat cleaver, chopper",1,cleaver,0,cleaver,0,cleaver,0
cliff dwelling,1,cliff dwelling,1,dwelling,0,cliff,0
cloak,0,cloak,0,cloak,0,cloak,0
"clog, geta, patten, sabot",1,clog,0,clog,0,clog,0
cocktail shaker,1,cocktail shaker,1,shaker,0,cocktail,0
coffee mug,1,coffee mug,1,mug,0,coffee,0
coffeepot,0,coffeepot,0,coffeepot,0,coffeepot,0
"coil, spiral, volute, whorl, helix",1,coil,0,coil,0,coil,0
combination lock,1,combination lock,1,lock,0,lock,0
"computer keyboard, keypad",1,computer keyboard,1,keyboard,0,keyboard,0
"confectionery, confectionary, candy store",1,confectionery,0,confectionery,0,confectionery,0
"container ship, containership, container vessel",1,container ship,1,ship,0,ship,0
convertible,0,convertible,0,convertible,0,convertible,0
"corkscrew, bottle screw",1,corkscrew,0,corkscrew,0,corkscrew,0
"cornet, horn, trumpet, trump",1,cornet,0,cornet,0,cornet,0
cowboy boot,1,cowboy boot,1,boot,0,boot,0
"cowboy hat, ten-gallon hat",1,cowboy hat,1,hat,0,hat,0
cradle,0,cradle,0,cradle,0,cradle,0
crane,0,crane,0,crane,0,crane,0
crash helmet,1,crash helmet,1,helmet,0,motorcycle,0
crate,0,crate,0,crate,0,crate,0
"crib, cot",1,crib,0,crib,0,crib,0
Crock Pot,1,Crock Pot,1,Pot,0,Pot,0
croquet ball,1,croquet ball,1,ball,0,croquet,0
crutch,0,crutch,0,crutch,0,crutch,0
cuirass,1,cuirass,1,cuirass,1,armor,0
"dam, dike, dyke",1,dam,0,dam,0,dam,0
desk,0,desk,0,desk,0,desk,0
desktop computer,1,desktop computer,1,computer,0,computer,0
"dial telephone, dial phone",1,dial telephone,1,telephone,0,telephone,0
"diaper, nappy, napkin",1,diaper,0,diaper,0,diaper,0
digital clock,1,digital clock,1,clock,0,clock,0
digital watch,1,digital watch,1,watch,0,watch,0
"dining table, board",1,dining table,1,table,0,table,0
"dishrag, dishcloth",1,dishrag,0,dishrag,0,dishrag,0
"dishwasher, dish washer, dishwashing machine",1,dishwasher,0,dishwasher,0,dishwasher,0
"disk brake, disc brake",1,disk brake,1,brake,0,brake,0
"dock, dockage, docking facility",1,dock,0,dock,0,dock,0
"dogsled, dog sled, dog sleigh",1,dogsled,0,dogsled,0,dogsled,0
dome,0,dome,0,dome,0,dome,0
"doormat, welcome mat",1,doormat,0,doormat,0,doormat,0
"drilling platform, offshore rig",1,drilling platform,1,platform,0,platform,0
"drum, membranophone, tympan",1,drum,0,drum,0,drum,0
drumstick,0,drumstick,0,drumstick,0,drumstick,0
dumbbell,0,dumbbell,0,dumbbell,0,dumbbell,0
Dutch oven,1,Dutch oven,1,oven,0,oven,0
"electric fan, blower",1,electric fan,1,fan,0,fan,0
electric guitar,1,electric guitar,1,guitar,0,guitar,0
electric locomotive,1,electric locomotive,1,locomotive,0,locomotive,0
entertainment center,1,entertainment center,1,center,0,center,0
envelope,0,envelope,0,envelope,0,envelope,0
espresso maker,1,espresso maker,1,maker,0,maker,0
face powder,1,face powder,1,powder,0,powder,0
"feather boa, boa",1,feather boa,1,boa,0,boa,0
"file, file cabinet, filing cabinet",1,file,0,file,0,file,0
fireboat,0,fireboat,0,fireboat,0,fireboat,0
"fire engine, fire truck",1,fire engine,1,engine,0,engine,0
"fire screen, fireguard",1,fire screen,1,screen,0,screen,0
"flagpole, flagstaff",1,flagpole,0,flagpole,0,flagpole,0
"flute, transverse flute",1,flute,0,flute,0,flute,0
folding chair,1,folding chair,1,chair,0,chair,0
football helmet,1,football helmet,1,helmet,0,football,0
forklift,0,forklift,0,forklift,0,forklift,0
fountain,0,fountain,0,fountain,0,fountain,0
fountain pen,1,fountain pen,1,pen,0,pen,0
four-poster,1,four-poster,1,four-poster,1,bed,0
freight car,1,freight car,1,car,0,car,0
"French horn, horn",1,French horn,1,horn,0,horn,0
"frying pan, frypan, skillet",1,frying pan,1,pan,0,pan,0
fur coat,1,fur coat,1,coat,0,coat,0
"garbage truck, dustcart",1,garbage truck,1,truck,0,truck,0
"gasmask, respirator, gas helmet",1,gasmask,0,gasmask,0,gasmask,0
"gas pump, gasoline pump, petrol pump, island dispenser",1,gas pump,1,pump,0,pump,0
goblet,0,goblet,0,goblet,0,goblet,0
go-kart,1,go-kart,1,go-kart,1,car,0
golf ball,1,golf ball,1,ball,0,golf,0
"golfcart, golf cart",1,golfcart,1,golfcart,1,golf,0
gondola,0,gondola,0,gondola,0,gondola,0
"gong, tam-tam",1,gong,0,gong,0,gong,0
gown,0,gown,0,gown,0,gown,0
"grand piano, grand",1,grand piano,1,piano,0,piano,0
"greenhouse, nursery, glasshouse",1,greenhouse,0,greenhouse,0,greenhouse,0
"grille, radiator grille",1,grille,0,grille,0,grille,0
"grocery store, grocery, food market, market",1,grocery store,1,store,0,store,0
guillotine,0,guillotine,0,guillotine,0,guillotine,0
hair slide,1,hair slide,1,slide,0,slide,0
hair spray,1,hair spray,1,spray,0,spray,0
half track,1,half track,1,track,0,track,0
hammer,0,hammer,0,hammer,0,hammer,0
hamper,0,hamper,0,hamper,0,hamper,0
"hand blower, blow dryer, blow drier, hair dryer, hair drier",1,hand blower,1,blower,0,blower,0
"hand-held computer, hand-held microcomputer",1,hand-held computer,1,computer,0,computer,0
"handkerchief, hankie, hanky, hankey",1,handkerchief,0,handkerchief,0,handkerchief,0
"hard disc, hard disk, fixed disk",1,hard disc,1,disc,0,disc,0
"harmonica, mouth organ, harp, mouth harp",1,harmonica,0,harmonica,0,harmonica,0
harp,0,harp,0,harp,0,harp,0
"harvester, reaper",1,harvester,0,harvester,0,harvester,0
hatchet,0,hatchet,0,hatchet,0,hatchet,0
holster,0,holster,0,holster,0,holster,0
"home theater, home theatre",1,home theater,1,theater,0,theater,0
honeycomb,0,honeycomb,0,honeycomb,0,honeycomb,0
"hook, claw",1,hook,0,hook,0,hook,0
"hoopskirt, crinoline",1,hoopskirt,1,hoopskirt,1,dress,0
"horizontal bar, high bar",1,horizontal bar,1,bar,0,bar,0
"horse cart, horse-cart",1,horse cart,1,cart,0,cart,0
hourglass,0,hourglass,0,hourglass,0,hourglass,0
iPod,0,iPod,0,iPod,0,iPod,0
"iron, smoothing iron",1,iron,0,iron,0,iron,0
jack-o'-lantern,1,jack-o'-lantern,1,jack-o'-lantern,1,pumpkin,0
"jean, blue jean, denim",1,jean,0,jean,0,jean,0
"jeep, landrover",1,jeep,0,jeep,0,jeep,0
"jersey, T-shirt, tee shirt",1,jersey,0,jersey,0,jersey,0
jigsaw puzzle,1,jigsaw puzzle,1,puzzle,0,jigsaw,0
"jinrikisha, ricksha, rickshaw",1,jinrikisha,1,jinrikisha,1,rickshaw,0
joystick,0,joystick,0,joystick,0,joystick,0
kimono,0,kimono,0,kimono,0,kimono,0
knee pad,1,knee pad,1,pad,0,pad,0
knot,0,knot,0,knot,0,knot,0
"lab coat, laboratory coat",1,lab coat,1,coat,0,coat,0
ladle,0,ladle,0,ladle,0,ladle,0
"lampshade, lamp shade",1,lampshade,0,lampshade,0,lampshade,0
"laptop, laptop computer",1,laptop,0,laptop,0,laptop,0
"lawn mower, mower",1,lawn mower,1,mower,0,mower,0
"lens cap, lens cover",1,lens cap,1,cap,0,cap,0
"letter opener, paper knife, paperknife",1,letter opener,1,opener,0,opener,0
library,0,library,0,library,0,library,0
lifeboat,0,lifeboat,0,lifeboat,0,lifeboat,0
"lighter, light, igniter, ignitor",1,lighter,0,lighter,0,lighter,0
"limousine, limo",1,limousine,0,limousine,0,limousine,0
"liner, ocean liner",1,liner,0,liner,0,liner,0
"lipstick, lip rouge",1,lipstick,0,lipstick,0,lipstick,0
Loafer,0,Loafer,0,Loafer,0,Loafer,0
lotion,0,lotion,0,lotion,0,lotion,0
"loudspeaker, speaker, speaker unit, loudspeaker system, speaker system",1,loudspeaker,0,loudspeaker,0,loudspeaker,0
"loupe, jeweler's loupe",1,loupe,0,loupe,0,loupe,0
"lumbermill, sawmill",1,lumbermill,0,lumbermill,0,lumbermill,0
magnetic compass,1,magnetic compass,1,compass,0,compass,0
"mailbag, postbag",1,mailbag,0,mailbag,0,mailbag,0
"mailbox, letter box",1,mailbox,0,mailbox,0,mailbox,0
maillot,0,maillot,0,maillot,0,maillot,0
"maillot, tank suit",1,maillot,0,maillot,0,maillot,0
manhole cover,1,manhole cover,1,cover,0,manhole,0
maraca,0,maraca,0,maraca,0,maraca,0
"marimba, xylophone",1,marimba,0,marimba,0,marimba,0
mask,0,mask,0,mask,0,mask,0
matchstick,0,matchstick,0,matchstick,0,matchstick,0
maypole,0,maypole,0,maypole,0,maypole,0
"maze, labyrinth",1,maze,0,maze,0,maze,0
measuring cup,1,measuring cup,1,cup,0,cup,0
"medicine chest, medicine cabinet",1,medicine chest,1,chest,0,chest,0
"megalith, megalithic structure",1,megalith,0,megalith,0,megalith,0
"microphone, mike",1,microphone,0,microphone,0,microphone,0
"microwave, microwave oven",1,microwave,0,microwave,0,microwave,0
military uniform,1,military uniform,1,uniform,0,military,0
milk can,1,milk can,1,can,0,milk,0
minibus,0,minibus,0,minibus,0,minibus,0
"miniskirt, mini",1,miniskirt,0,miniskirt,0,miniskirt,0
minivan,0,minivan,0,minivan,0,minivan,0
missile,0,missile,0,missile,0,missile,0
mitten,0,mitten,0,mitten,0,mitten,0
mixing bowl,1,mixing bowl,1,bowl,0,bowl,0
"mobile home, manufactured home",1,mobile home,1,home,0,home,0
Model T,1,Model T,1,T,0,car,0
modem,0,modem,0,modem,0,modem,0
monastery,0,monastery,0,monastery,0,monastery,0
monitor,0,monitor,0,monitor,0,monitor,0
moped,0,moped,0,moped,0,moped,0
mortar,0,mortar,0,mortar,0,mortar,0
mortarboard,0,mortarboard,0,mortarboard,0,mortarboard,0
mosque,0,mosque,0,mosque,0,mosque,0
mosquito net,1,mosquito net,1,net,0,net,0
"motor scooter, scooter",1,motor scooter,1,scooter,0,scooter,0
"mountain bike, all-terrain bike, off-roader",1,mountain bike,1,bike,0,bike,0
mountain tent,1,mountain tent,1,tent,0,tent,0
"mouse, computer mouse",1,mouse,0,mouse,0,computer,0
mousetrap,0,mousetrap,0,mousetrap,0,mousetrap,0
moving van,1,moving van,1,van,0,van,0
muzzle,0,muzzle,0,muzzle,0,muzzle,0
nail,0,nail,0,nail,0,nail,0
neck brace,1,neck brace,1,brace,0,brace,0
necklace,0,necklace,0,necklace,0,necklace,0
nipple,0,nipple,0,nipple,0,nipple,0
"notebook, notebook computer",1,notebook,0,notebook,0,computer,0
obelisk,0,obelisk,0,obelisk,0,obelisk,0
"oboe, hautboy, hautbois",1,oboe,0,oboe,0,oboe,0
"ocarina, sweet potato",1,ocarina,0,ocarina,0,ocarina,0
"odometer, hodometer, mileometer, milometer",1,odometer,0,odometer,0,odometer,0
oil filter,1,oil filter,1,filter,0,filter,0
"organ, pipe organ",1,organ,0,organ,0,organ,0
"oscilloscope, scope, cathode-ray oscilloscope, CRO",1,oscilloscope,0,oscilloscope,0,oscilloscope,0
overskirt,0,overskirt,0,overskirt,0,overskirt,0
oxcart,0,oxcart,0,oxcart,0,oxcart,0
oxygen mask,1,oxygen mask,1,mask,0,mask,0
packet,0,packet,0,packet,0,packet,0
"paddle, boat paddle",1,paddle,0,paddle,0,paddle,0
"paddlewheel, paddle wheel",1,paddlewheel,0,paddlewheel,0,paddlewheel,0
padlock,0,padlock,0,padlock,0,padlock,0
paintbrush,0,paintbrush,0,paintbrush,0,paintbrush,0
"pajama, pyjama, pj's, jammies",1,pajama,0,pajama,0,pajama,0
palace,0,palace,0,palace,0,palace,0
"panpipe, pandean pipe, syrinx",1,panpipe,0,panpipe,0,panpipe,0
paper towel,1,paper towel,1,towel,0,towel,0
"parachute, chute",1,parachute,0,parachute,0,parachute,0
"parallel bars, bars",1,parallel bars,1,bars,0,bars,0
park bench,1,park bench,1,bench,0,park,0
parking meter,1,parking meter,1,meter,0,parking,0
"passenger car, coach, carriage",1,passenger car,1,car,0,car,0
"patio, terrace",1,patio,0,patio,0,patio,0
"pay-phone, pay-station",1,pay-phone,1,pay-phone,1,phone,0
"pedestal, plinth, footstall",1,pedestal,0,pedestal,0,pedestal,0
"pencil box, pencil case",1,pencil box,1,box,0,box,0
pencil sharpener,1,pencil sharpener,1,sharpener,0,sharpener,0
"perfume, essence",1,perfume,0,perfume,0,perfume,0
Petri dish,1,Petri dish,1,dish,0,dish,0
photocopier,0,photocopier,0,photocopier,0,photocopier,0
"pick, plectrum, plectron",1,pick,0,pick,0,pick,0
pickelhaube,1,pickelhaube,1,pickelhaube,1,helmet,0
"picket fence, paling",1,picket fence,1,fence,0,fence,0
"pickup, pickup truck",1,pickup,0,pickup,0,pickup,0
pier,0,pier,0,pier,0,pier,0
"piggy bank, penny bank",1,piggy bank,1,bank,0,bank,0
pill bottle,1,pill bottle,1,bottle,0,bottle,0
pillow,0,pillow,0,pillow,0,pillow,0
ping-pong ball,1,ping-pong ball,1,ball,0,pingpong,0
pinwheel,0,pinwheel,0,pinwheel,0,pinwheel,0
"pirate, pirate ship",1,pirate,0,pirate,0,pirate,0
"pitcher, ewer",1,pitcher,0,pitcher,0,bottle,0
"plane, carpenter's plane, woodworking plane",1,plane,0,plane,0,plane,0
planetarium,0,planetarium,0,planetarium,0,planetarium,0
plastic bag,1,plastic bag,1,bag,0,bag,0
plate rack,1,plate rack,1,rack,0,rack,0
"plow, plough",1,plow,0,plow,0,plow,0
"plunger, plumber's helper",1,plunger,0,plunger,0,plunger,0
"Polaroid camera, Polaroid Land camera",1,Polaroid camera,1,camera,0,camera,0
pole,0,pole,0,pole,0,pole,0
"police van, police wagon, paddy wagon, patrol wagon, wagon, black Maria",1,police van,1,van,0,van,0
poncho,0,poncho,0,poncho,0,poncho,0
"pool table, billiard table, snooker table",1,pool table,1,table,0,billiard,0
"pop bottle, soda bottle",1,pop bottle,1,bottle,0,bottle,0
"pot, flowerpot",1,pot,0,pot,0,pot,0
potter's wheel,1,potter's wheel,1,wheel,0,wheel,0
power drill,1,power drill,1,drill,0,drill,0
"prayer rug, prayer mat",1,prayer rug,1,rug,0,rug,0
printer,0,printer,0,printer,0,printer,0
"prison, prison house",1,prison,0,prison,0,prison,0
"projectile, missile",1,projectile,0,projectile,0,projectile,0
projector,0,projector,0,projector,0,projector,0
"puck, hockey puck",1,puck,0,puck,0,puck,0
"punching bag, punch bag, punching ball, punchball",1,punching bag,1,bag,0,bag,0
purse,0,purse,0,purse,0,purse,0
"quill, quill pen",1,quill,0,quill,0,quill,0
"quilt, comforter, comfort, puff",1,quilt,0,quilt,0,quilt,0
"racer, race car, racing car",1,racer,0,racer,0,racer,0
"racket, racquet",1,racket,0,racket,0,racket,0
radiator,0,radiator,0,radiator,0,radiator,0
"radio, wireless",1,radio,0,radio,0,radio,0
"radio telescope, radio reflector",1,radio telescope,1,telescope,0,telescope,0
rain barrel,1,rain barrel,1,barrel,0,barrel,0
"recreational vehicle, RV, R.V.",1,recreational vehicle,1,vehicle,0,vehicle,0
reel,0,reel,0,reel,0,reel,0
reflex camera,1,reflex camera,1,camera,0,camera,0
"refrigerator, icebox",1,refrigerator,0,refrigerator,0,refrigerator,0
"remote control, remote",1,remote control,1,control,0,control,0
"restaurant, eating house, eating place, eatery",1,restaurant,0,restaurant,0,restaurant,0
"revolver, six-gun, six-shooter",1,revolver,0,revolver,0,revolver,0
rifle,0,rifle,0,rifle,0,rifle,0
"rocking chair, rocker",1,rocking chair,1,chair,0,chair,0
rotisserie,0,rotisserie,0,rotisserie,0,rotisserie,0
"rubber eraser, rubber, pencil eraser",1,rubber eraser,1,eraser,0,eraser,0
rugby ball,1,rugby ball,1,ball,0,rugby,0
"rule, ruler",1,rule,0,rule,0,rule,0
running shoe,1,running shoe,1,shoe,0,shoe,0
safe,0,safe,0,safe,0,safe,0
safety pin,1,safety pin,1,pin,0,pin,0
"saltshaker, salt shaker",1,saltshaker,0,saltshaker,0,saltshaker,0
sandal,0,sandal,0,sandal,0,sandal,0
sarong,0,sarong,0,sarong,0,sarong,0
"sax, saxophone",1,sax,0,sax,0,sax,0
scabbard,0,scabbard,0,scabbard,0,scabbard,0
"scale, weighing machine",1,scale,0,scale,0,scale,0
school bus,1,school bus,1,bus,0,bus,0
schooner,0,schooner,0,schooner,0,schooner,0
scoreboard,0,scoreboard,0,scoreboard,0,scoreboard,0
"screen, CRT screen",1,screen,0,screen,0,screen,0
screw,0,screw,0,screw,0,screw,0
screwdriver,0,screwdriver,0,screwdriver,0,screwdriver,0
"seat belt, seatbelt",1,seat belt,1,belt,0,belt,0
sewing machine,1,sewing machine,1,machine,0,sew,0
"shield, buckler",1,shield,0,shield,0,shield,0
"shoe shop, shoe-shop, shoe store",1,shoe shop,1,shop,0,shoes,0
shoji,0,shoji,0,shoji,0,shoji,0
shopping basket,1,shopping basket,1,basket,0,basket,0
shopping cart,1,shopping cart,1,cart,0,cart,0
shovel,0,shovel,0,shovel,0,shovel,0
shower cap,1,shower cap,1,cap,0,cap,0
shower curtain,1,shower curtain,1,curtain,0,curtain,0
ski,0,ski,0,ski,0,ski,0
ski mask,1,ski mask,1,mask,0,mask,0
sleeping bag,1,sleeping bag,1,bag,0,camping,0
"slide rule, slipstick",1,slide rule,1,rule,0,ruler,0
sliding door,1,sliding door,1,door,0,door,0
"slot, one-armed bandit",1,slot,0,slot,0,slot,0
snorkel,0,snorkel,0,snorkel,0,snorkel,0
snowmobile,0,snowmobile,0,snowmobile,0,snowmobile,0
"snowplow, snowplough",1,snowplow,0,snowplow,0,snowplow,0
soap dispenser,1,soap dispenser,1,dispenser,0,dispenser,0
soccer ball,1,soccer ball,1,ball,0,soccer,0
sock,0,sock,0,sock,0,sock,0
"solar dish, solar collector, solar furnace",1,solar dish,1,dish,0,dish,0
sombrero,0,sombrero,0,sombrero,0,sombrero,0
soup bowl,1,soup bowl,1,bowl,0,bowl,0
space bar,1,space bar,1,bar,0,computer,0
space heater,1,space heater,1,heater,0,heater,0
space shuttle,1,space shuttle,1,shuttle,0,spaceship,0
spatula,0,spatula,0,spatula,0,spatula,0
speedboat,0,speedboat,0,speedboat,0,speedboat,0
"spider web, spider's web",1,spider web,1,web,0,web,0
spindle,0,spindle,0,spindle,0,spindle,0
"sports car, sport car",1,sports car,1,car,0,car,0
"spotlight, spot",1,spotlight,0,spotlight,0,spotlight,0
stage,0,stage,0,stage,0,stage,0
steam locomotive,1,steam locomotive,1,locomotive,0,locomotive,0
steel arch bridge,1,steel arch bridge,1,bridge,0,bridge,0
steel drum,1,steel drum,1,drum,0,drum,0
stethoscope,0,stethoscope,0,stethoscope,0,stethoscope,0
stole,0,stole,0,stole,0,stole,0
stone wall,1,stone wall,1,wall,0,wall,0
"stopwatch, stop watch",1,stopwatch,0,stopwatch,0,stopwatch,0
stove,0,stove,0,stove,0,stove,0
strainer,0,strainer,0,strainer,0,strainer,0
"streetcar, tram, tramcar, trolley, trolley car",1,streetcar,0,streetcar,0,streetcar,0
stretcher,0,stretcher,0,stretcher,0,stretcher,0
"studio couch, day bed",1,studio couch,1,couch,0,couch,0
"stupa, tope",1,stupa,0,stupa,0,stupa,0
"submarine, pigboat, sub, U-boat",1,submarine,0,submarine,0,submarine,0
"suit, suit of clothes",1,suit,0,suit,0,suit,0
sundial,0,sundial,0,sundial,0,sundial,0
sunglass,0,sunglass,0,sunglass,0,sunglass,0
"sunglasses, dark glasses, shades",1,sunglasses,0,sunglasses,0,sunglasses,0
"sunscreen, sunblock, sun blocker",1,sunscreen,0,sunscreen,0,sunscreen,0
suspension bridge,1,suspension bridge,1,bridge,0,bridge,0
"swab, swob, mop",1,swab,0,swab,0,swab,0
sweatshirt,0,sweatshirt,0,sweatshirt,0,sweatshirt,0
"swimming trunks, bathing trunks",1,swimming trunks,1,trunks,0,swimming,0
swing,0,swing,0,swing,0,swing,0
"switch, electric switch, electrical switch",1,switch,0,switch,0,switch,0
syringe,0,syringe,0,syringe,0,syringe,0
table lamp,1,table lamp,1,lamp,0,lamp,0
"tank, army tank, armored combat vehicle, armoured combat vehicle",1,tank,0,tank,0,tank,0
tape player,1,tape player,1,player,0,tape,0
teapot,0,teapot,0,teapot,0,teapot,0
"teddy, teddy bear",1,teddy,0,teddy,0,teddy,0
"television, television system",1,television,0,television,0,television,0
tennis ball,1,tennis ball,1,ball,0,tennis,0
"thatch, thatched roof",1,thatch,0,thatch,0,thatch,0
"theater curtain, theatre curtain",1,theater curtain,1,curtain,0,theater,0
thimble,0,thimble,0,thimble,0,thimble,0
"thresher, thrasher, threshing machine",1,thresher,0,thresher,0,thresher,0
throne,0,throne,0,throne,0,throne,0
tile roof,1,tile roof,1,roof,0,roof,0
toaster,0,toaster,0,toaster,0,toaster,0
"tobacco shop, tobacconist shop, tobacconist",1,tobacco shop,1,shop,0,tobacco,0
toilet seat,1,toilet seat,1,seat,0,seat,0
torch,0,torch,0,torch,0,torch,0
totem pole,1,totem pole,1,pole,0,pole,0
"tow truck, tow car, wrecker",1,tow truck,1,truck,0,truck,0
toyshop,0,toyshop,0,toyshop,0,toyshop,0
tractor,0,tractor,0,tractor,0,tractor,0
"trailer truck, tractor trailer, trucking rig, rig, articulated lorry, semi",1,trailer truck,1,truck,0,truck,0
tray,0,tray,0,tray,0,tray,0
trench coat,1,trench coat,1,coat,0,coat,0
"tricycle, trike, velocipede",1,tricycle,0,tricycle,0,tricycle,0
trimaran,0,trimaran,0,trimaran,0,trimaran,0
tripod,0,tripod,0,tripod,0,tripod,0
triumphal arch,1,triumphal arch,1,arch,0,arch,0
"trolleybus, trolley coach, trackless trolley",1,trolleybus,0,trolleybus,0,trolleybus,0
trombone,0,trombone,0,trombone,0,trombone,0
"tub, vat",1,tub,0,tub,0,tub,0
turnstile,0,turnstile,0,turnstile,0,turnstile,0
typewriter keyboard,1,typewriter keyboard,1,keyboard,0,keyboard,0
umbrella,0,umbrella,0,umbrella,0,umbrella,0
"unicycle, monocycle",1,unicycle,0,unicycle,0,unicycle,0
"upright, upright piano",1,upright,0,upright,0,upright,0
"vacuum, vacuum cleaner",1,vacuum,0,vacuum,0,vacuum,0
vase,0,vase,0,vase,0,vase,0
vault,0,vault,0,vault,0,vault,0
velvet,0,velvet,0,velvet,0,velvet,0
vending machine,1,vending machine,1,machine,0,vending,0
vestment,0,vestment,0,vestment,0,vestment,0
viaduct,0,viaduct,0,viaduct,0,viaduct,0
"violin, fiddle",1,violin,0,violin,0,violin,0
volleyball,0,volleyball,0,volleyball,0,volleyball,0
waffle iron,1,waffle iron,1,iron,0,waffle,0
wall clock,1,wall clock,1,clock,0,clock,0
"wallet, billfold, notecase, pocketbook",1,wallet,0,wallet,0,wallet,0
"wardrobe, closet, press",1,wardrobe,0,wardrobe,0,wardrobe,0
"warplane, military plane",1,warplane,0,warplane,0,warplane,0
"washbasin, handbasin, washbowl, lavabo, wash-hand basin",1,washbasin,0,washbasin,0,washbasin,0
"washer, automatic washer, washing machine",1,washer,0,washer,0,washer,0
water bottle,1,water bottle,1,bottle,0,bottle,0
water jug,1,water jug,1,jug,0,jug,0
water tower,1,water tower,1,tower,0,tower,0
whiskey jug,1,whiskey jug,1,jug,0,jug,0
whistle,0,whistle,0,whistle,0,whistle,0
wig,0,wig,0,wig,0,wig,0
window screen,1,window screen,1,screen,0,screen,0
window shade,1,window shade,1,shade,0,shade,0
Windsor tie,1,Windsor tie,1,tie,0,tie,0
wine bottle,1,wine bottle,1,bottle,0,wine,0
wing,0,wing,0,wing,0,wing,0
wok,0,wok,0,wok,0,wok,0
wooden spoon,1,wooden spoon,1,spoon,0,spoon,0
"wool, woolen, woollen",1,wool,0,wool,0,wool,0
"worm fence, snake fence, snake-rail fence, Virginia fence",1,worm fence,1,fence,0,fence,0
wreck,0,wreck,0,wreck,0,wreck,0
yawl,0,yawl,0,yawl,0,yawl,0
yurt,0,yurt,0,yurt,0,yurt,0
"web site, website, internet site, site",1,web site,1,site,0,site,0
comic book,1,comic book,1,book,0,book,0
"crossword puzzle, crossword",1,crossword puzzle,1,puzzle,0,puzzle,0
street sign,1,street sign,1,sign,0,street,0
"traffic light, traffic signal, stoplight",1,traffic light,1,light,0,light,0
"book jacket, dust cover, dust jacket, dust wrapper",1,book jacket,1,jacket,0,jacket,0
menu,0,menu,0,menu,0,menu,0
plate,0,plate,0,plate,0,plate,0
guacamole,0,guacamole,0,guacamole,0,guacamole,0
consomme,0,consomme,0,consomme,0,consomme,0
"hot pot, hotpot",1,hot pot,1,pot,0,hotpot,0
trifle,0,trifle,0,trifle,0,trifle,0
"ice cream, icecream",1,ice cream,1,cream,0,icecream,0
"ice lolly, lolly, lollipop, popsicle",1,ice lolly,1,lolly,0,lolly,0
French loaf,1,French loaf,1,loaf,0,bread,0
"bagel, beigel",1,bagel,0,bagel,0,bagel,0
pretzel,0,pretzel,0,pretzel,0,pretzel,0
cheeseburger,0,cheeseburger,0,cheeseburger,0,cheeseburger,0
"hotdog, hot dog, red hot",1,hotdog,0,hotdog,0,hotdog,0
mashed potato,1,mashed potato,1,potato,0,potato,0
head cabbage,1,head cabbage,1,cabbage,0,cabbage,0
broccoli,0,broccoli,0,broccoli,0,broccoli,0
cauliflower,0,cauliflower,0,cauliflower,0,cauliflower,0
"zucchini, courgette",1,zucchini,0,zucchini,0,zucchini,0
spaghetti squash,1,spaghetti squash,1,squash,0,pumpkin,0
acorn squash,1,acorn squash,1,squash,0,squash,0
butternut squash,1,butternut squash,1,squash,0,pumpkin,0
"cucumber, cuke",1,cucumber,0,cucumber,0,cucumber,0
"artichoke, globe artichoke",1,artichoke,0,artichoke,0,artichoke,0
bell pepper,1,bell pepper,1,pepper,0,pepper,0
cardoon,0,cardoon,0,cardoon,0,cardoon,0
mushroom,0,mushroom,0,mushroom,0,mushroom,0
Granny Smith,1,Granny Smith,1,Smith,0,apple,0
strawberry,0,strawberry,0,strawberry,0,strawberry,0
orange,0,orange,0,orange,0,orange,0
lemon,0,lemon,0,lemon,0,lemon,0
fig,0,fig,0,fig,0,fig,0
"pineapple, ananas",1,pineapple,0,pineapple,0,pineapple,0
banana,0,banana,0,banana,0,banana,0
"jackfruit, jak, jack",1,jackfruit,0,jackfruit,0,jackfruit,0
custard apple,1,custard apple,1,apple,0,apple,0
pomegranate,0,pomegranate,0,pomegranate,0,pomegranate,0
hay,0,hay,0,hay,0,hay,0
carbonara,0,carbonara,0,carbonara,0,carbonara,0
"chocolate sauce, chocolate syrup",1,chocolate sauce,1,sauce,0,chocolate,0
dough,0,dough,0,dough,0,dough,0
"meat loaf, meatloaf",1,meat loaf,1,loaf,0,meat,0
"pizza, pizza pie",1,pizza,0,pizza,0,pizza,0
potpie,0,potpie,0,potpie,0,potpie,0
burrito,0,burrito,0,burrito,0,burrito,0
red wine,1,red wine,1,wine,0,wine,0
espresso,0,espresso,0,espresso,0,espresso,0
cup,0,cup,0,cup,0,cup,0
eggnog,0,eggnog,0,eggnog,0,eggnog,0
alp,0,alp,0,alp,0,alp,0
bubble,0,bubble,0,bubble,0,bubble,0
"cliff, drop, drop-off",1,cliff,0,cliff,0,cliff,0
coral reef,1,coral reef,1,reef,0,reef,0
geyser,0,geyser,0,geyser,0,geyser,0
"lakeside, lakeshore",1,lakeside,0,lakeside,0,lakeside,0
"promontory, headland, head, foreland",1,promontory,0,promontory,0,promontory,0
"sandbar, sand bar",1,sandbar,0,sandbar,0,sandbar,0
"seashore, coast, seacoast, sea-coast",1,seashore,0,seashore,0,seashore,0
"valley, vale",1,valley,0,valley,0,valley,0
volcano,0,volcano,0,volcano,0,volcano,0
"ballplayer, baseball player",1,ballplayer,0,ballplayer,0,ballplayer,0
"groom, bridegroom",1,groom,0,groom,0,groom,0
scuba diver,1,scuba diver,1,diver,0,diver,0
rapeseed,0,rapeseed,0,rapeseed,0,rapeseed,0
daisy,0,daisy,0,daisy,0,daisy,0
"yellow lady's slipper, yellow lady-slipper, Cypripedium calceolus, Cypripedium parviflorum",1,yellow lady's slipper,1,slipper,0,flower,0
corn,0,corn,0,corn,0,corn,0
acorn,0,acorn,0,acorn,0,acorn,0
"hip, rose hip, rosehip",1,hip,0,hip,0,hip,0
"buckeye, horse chestnut, conker",1,buckeye,0,buckeye,0,buckeye,0
coral fungus,1,coral fungus,1,fungus,0,fungus,0
agaric,1,agaric,1,agaric,1,mushroom,0
gyromitra,1,gyromitra,1,gyromitra,1,mushroom,0
"stinkhorn, carrion fungus",1,stinkhorn,0,stinkhorn,0,stinkhorn,0
earthstar,1,earthstar,1,earthstar,1,mushroom,0
"hen-of-the-woods, hen of the woods, Polyporus frondosus, Grifola frondosa",1,hen-of-the-woods,1,hen-of-the-woods,1,mushroom,0
bolete,0,bolete,0,bolete,0,bolete,0
"ear, spike, capitulum",1,ear,0,ear,0,ear,0
"toilet tissue, toilet paper, bathroom tissue",1,toilet tissue,1,tissue,0,tissue,0
